horizon,base,model,mean_fz_diff,t_stat,p_value
1,daily_copula,historical,0.307774,1.940901,0.052270
1,daily_copula,gaussian_sqrt,0.539278,1.866724,0.061940
1,daily_copula,daily_sqrt,0.000000,0.000000,1.000000
1,daily_copula,horizon_copula,0.000000,0.000000,1.000000
5,daily_copula,historical,0.271441,1.209042,0.226647
5,daily_copula,gaussian_sqrt,0.578304,1.386405,0.165623
5,daily_copula,daily_sqrt,-0.015342,-1.294964,0.195333
5,daily_copula,horizon_copula,-0.008348,-0.659184,0.509778
20,daily_copula,historical,0.432175,1.339060,0.180551
20,daily_copula,gaussian_sqrt,0.376113,1.097316,0.272503
20,daily_copula,daily_sqrt,0.003310,0.069081,0.944925
20,daily_copula,horizon_copula,-0.034059,-0.995613,0.319438
1,daily_sqrt,historical,0.307774,1.940901,0.052270
1,daily_sqrt,gaussian_sqrt,0.539278,1.866724,0.061940
1,daily_sqrt,daily_copula,0.000000,0.000000,1.000000
1,daily_sqrt,horizon_copula,0.000000,0.000000,1.000000
5,daily_sqrt,historical,0.286783,1.284261,0.199051
5,daily_sqrt,gaussian_sqrt,0.593646,1.418310,0.156100
5,daily_sqrt,daily_copula,0.015342,1.294964,0.195333
5,daily_sqrt,horizon_copula,0.006994,0.539503,0.589540
20,daily_sqrt,historical,0.428865,1.202494,0.229172
20,daily_sqrt,gaussian_sqrt,0.372802,0.977918,0.328115
20,daily_sqrt,daily_copula,-0.003310,-0.069081,0.944925
20,daily_sqrt,horizon_copula,-0.037369,-1.149960,0.250160
