horizon,model,var_ratio_mean,var_ratio_p10,var_ratio_p90,es_ratio_mean
1,historical,0.257831,-0.304867,0.750852,0.385117
1,gaussian_sqrt,0.056981,-0.424552,0.460298,-0.048882
1,daily_sqrt,0.000000,0.000000,0.000000,0.000000
1,daily_copula,0.000000,0.000000,0.000000,0.000000
1,horizon_copula,0.000000,0.000000,0.000000,0.000000
5,historical,0.293888,-0.268281,0.833755,0.428246
5,gaussian_sqrt,0.059630,-0.417297,0.462260,-0.054252
5,daily_sqrt,0.035519,0.008100,0.059278,0.023643
5,daily_copula,0.000000,0.000000,0.000000,0.000000
5,horizon_copula,0.020693,-0.015275,0.064937,0.015736
20,historical,0.227548,-0.371827,1.054159,0.157282
20,gaussian_sqrt,0.037452,-0.394330,0.418031,-0.086440
20,daily_sqrt,0.087003,-0.024127,0.179527,0.052178
20,daily_copula,0.000000,0.000000,0.000000,0.000000
20,horizon_copula,0.049596,-0.010023,0.109246,0.031197
60,historical,-0.029855,-0.552210,0.562319,-0.197542
60,gaussian_sqrt,0.000518,-0.353491,0.325922,-0.135733
60,daily_sqrt,0.181586,-0.055674,0.411224,0.106270
60,daily_copula,0.000000,0.000000,0.000000,0.000000
60,horizon_copula,0.042668,-0.106698,0.158552,0.012619
