horizon,model,VaR,ES,VaR_vs_daily_copula,ES_vs_daily_copula
1,historical,0.018443,0.024589,-0.090378,-0.051483
1,gaussian_sqrt,0.017039,0.019598,-0.159604,-0.244009
1,daily_sqrt,0.020276,0.025923,0.000000,0.000000
1,daily_copula,0.020276,0.025923,0.000000,0.000000
1,horizon_copula,0.020276,0.025923,0.000000,0.000000
5,historical,0.037662,0.050164,-0.128604,-0.100083
5,gaussian_sqrt,0.036652,0.042373,-0.151982,-0.239859
5,daily_sqrt,0.045337,0.057967,0.048980,0.039889
5,daily_copula,0.043220,0.055743,0.000000,0.000000
5,horizon_copula,0.044481,0.056607,0.029168,0.015499
20,historical,0.076485,0.086238,-0.020067,-0.156529
20,gaussian_sqrt,0.068059,0.079500,-0.128027,-0.222424
20,daily_sqrt,0.090675,0.115933,0.161734,0.133917
20,daily_copula,0.078051,0.102241,0.000000,0.000000
20,horizon_copula,0.081416,0.106358,0.043115,0.040261
60,historical,0.117883,0.132430,0.045700,-0.133012
60,gaussian_sqrt,0.104581,0.124398,-0.072299,-0.185594
60,daily_sqrt,0.157053,0.200802,0.393170,0.314604
60,daily_copula,0.112731,0.152747,0.000000,0.000000
60,horizon_copula,0.110610,0.146292,-0.018813,-0.042258
