view,horizon,pair,lambda_L,ci_low,ci_high,change_vs_daily,change_ci_low,change_ci_high,lambda_U,gauss,rho
0,Daily,SPY-QQQ,0.766839,0.677029,0.829016,0.000000,0.000000,0.000000,0.739206,0.682609,0.923952
1,> 4d,SPY-QQQ,0.773748,0.704663,0.815199,0.006908,-0.069085,0.069085,0.766839,0.674100,0.919717
2,> 8d,SPY-QQQ,0.780656,0.711572,0.822107,0.013817,-0.062176,0.089810,0.677029,0.687065,0.926120
3,> 16d,SPY-QQQ,0.759931,0.677029,0.856649,-0.006908,-0.062522,0.096718,0.690846,0.672668,0.918993
4,> 32d,SPY-QQQ,0.725389,0.573402,0.801382,-0.041451,-0.200345,0.055268,0.649396,0.658277,0.911514
5,> 64d,SPY-QQQ,0.808290,0.677029,0.884283,0.041451,-0.103972,0.165803,0.739206,0.676956,0.921152
0,Daily,SPY-HYG,0.483592,0.407599,0.580311,0.000000,0.000000,0.000000,0.497409,0.444850,0.754512
1,> 4d,SPY-HYG,0.518135,0.393782,0.628670,0.034542,-0.069085,0.103627,0.462867,0.422639,0.732494
2,> 8d,SPY-HYG,0.462867,0.324698,0.573402,-0.020725,-0.145078,0.069085,0.442142,0.415036,0.724668
3,> 16d,SPY-HYG,0.497409,0.331606,0.656304,0.013817,-0.138169,0.151986,0.518135,0.421737,0.731574
4,> 32d,SPY-HYG,0.490501,0.262522,0.697755,0.006908,-0.200345,0.172712,0.483592,0.439537,0.749358
5,> 64d,SPY-HYG,0.787565,0.524698,0.911917,0.303972,0.069085,0.386874,0.511226,0.430492,0.740421
0,Daily,SPY-TLT,0.089810,0.048359,0.124352,0.000000,0.000000,0.000000,0.082902,0.025200,-0.142700
1,> 4d,SPY-TLT,0.110535,0.062176,0.165803,0.020725,-0.027634,0.082902,0.075993,0.030775,-0.104620
2,> 8d,SPY-TLT,0.124352,0.048359,0.200345,0.034542,-0.048359,0.124352,0.096718,0.041897,-0.040250
3,> 16d,SPY-TLT,0.096718,0.041451,0.158895,0.006908,-0.048359,0.075993,0.103627,0.058119,0.036351
4,> 32d,SPY-TLT,0.110535,0.000000,0.207254,0.020725,-0.089810,0.124352,0.110535,0.065719,0.067564
5,> 64d,SPY-TLT,0.248705,0.000000,0.407945,0.158895,-0.089810,0.325043,0.069085,0.055874,0.026640
0,Daily,SPY-GLD,0.096718,0.062176,0.145078,0.000000,0.000000,0.000000,0.124352,0.059719,0.043131
1,> 4d,SPY-GLD,0.145078,0.069085,0.214162,0.048359,-0.041451,0.110535,0.138169,0.073719,0.098032
2,> 8d,SPY-GLD,0.131261,0.055268,0.221071,0.034542,-0.048359,0.110535,0.124352,0.082052,0.127612
3,> 16d,SPY-GLD,0.069085,0.000000,0.165803,-0.027634,-0.103627,0.069085,0.117444,0.070247,0.085080
4,> 32d,SPY-GLD,0.096718,0.000000,0.221071,0.000000,-0.110535,0.117444,0.069085,0.074533,0.101013
5,> 64d,SPY-GLD,0.000000,0.000000,0.165803,-0.096718,-0.145078,0.075993,0.000000,0.057753,0.034787
0,Daily,TLT-HYG,0.200345,0.124352,0.269430,0.000000,0.000000,0.000000,0.151986,0.069926,0.083862
1,> 4d,TLT-HYG,0.214162,0.138169,0.290501,0.013817,-0.041451,0.082902,0.138169,0.071389,0.089386
2,> 8d,TLT-HYG,0.200345,0.124352,0.290155,0.000000,-0.041451,0.075993,0.158895,0.090192,0.154718
3,> 16d,TLT-HYG,0.241796,0.096718,0.345769,0.041451,-0.075993,0.124352,0.193437,0.113428,0.224368
4,> 32d,TLT-HYG,0.234888,0.069085,0.359585,0.034542,-0.117444,0.151986,0.221071,0.121431,0.246207
5,> 64d,TLT-HYG,0.262522,0.000000,0.462867,0.062176,-0.145078,0.255613,0.310881,0.131654,0.272782
0,Daily,TLT-GLD,0.145078,0.110535,0.200345,0.000000,0.000000,0.000000,0.165803,0.136492,0.284890
1,> 4d,TLT-GLD,0.145078,0.103627,0.207254,0.000000,-0.062176,0.062176,0.151986,0.133266,0.276848
2,> 8d,TLT-GLD,0.138169,0.075993,0.255613,-0.006908,-0.069430,0.096718,0.158895,0.151170,0.319972
3,> 16d,TLT-GLD,0.151986,0.068739,0.262867,0.006908,-0.090155,0.124352,0.227979,0.163093,0.346833
4,> 32d,TLT-GLD,0.214162,0.082902,0.366494,0.069085,-0.069085,0.221071,0.165803,0.166311,0.353853
5,> 64d,TLT-GLD,0.248705,0.000000,0.476684,0.103627,-0.138169,0.331606,0.075993,0.177409,0.377384
