view,horizon,pair,best_copula,theo_lambda_L,theo_lambda_U,t_nu,bic_gap_to_gaussian
0,Daily,Risky-Hedge,student_t,0.056975,0.056975,3.474954,306.944162
1,> 4d,Risky-Hedge,student_t,0.063030,0.063030,3.566105,286.341841
2,> 8d,Risky-Hedge,student_t,0.044710,0.044710,4.733935,174.834824
3,> 16d,Risky-Hedge,student_t,0.037432,0.037432,5.431968,130.767943
4,> 32d,Risky-Hedge,student_t,0.062931,0.062931,4.295146,193.103270
5,> 64d,Risky-Hedge,student_t,0.024707,0.024707,6.416105,95.390133
0,Daily,SPY-QQQ,student_t,0.677721,0.677721,3.907559,529.711236
0,Daily,SPY-HYG,student_t,0.447911,0.447911,2.927027,592.248883
0,Daily,SPY-TLT,student_t,0.039217,0.039217,3.440507,315.833725
0,Daily,SPY-GLD,student_t,0.112691,0.112691,3.415875,311.984656
0,Daily,TLT-HYG,student_t,0.088241,0.088241,2.946690,396.383079
0,Daily,TLT-GLD,student_t,0.078459,0.078459,5.292836,140.121845
1,> 4d,SPY-QQQ,student_t,0.675897,0.675897,3.695858,470.884249
1,> 4d,SPY-HYG,student_t,0.418251,0.418251,3.749633,387.602638
1,> 4d,SPY-TLT,student_t,0.045903,0.045903,3.419218,315.039900
1,> 4d,SPY-GLD,student_t,0.101764,0.101764,3.818433,252.615657
1,> 4d,TLT-HYG,student_t,0.092478,0.092478,3.004923,382.949451
1,> 4d,TLT-GLD,student_t,0.073824,0.073824,5.463514,136.109166
2,> 8d,SPY-QQQ,student_t,0.656143,0.656143,4.648246,281.183624
2,> 8d,SPY-HYG,student_t,0.381348,0.381348,4.826901,268.040166
2,> 8d,SPY-TLT,student_t,0.040794,0.040794,3.976935,268.305495
2,> 8d,SPY-GLD,student_t,0.073675,0.073675,5.006683,143.839865
2,> 8d,TLT-HYG,student_t,0.123356,0.123356,2.644606,459.535402
2,> 8d,TLT-GLD,student_t,0.073047,0.073047,5.583439,137.977470
3,> 16d,SPY-QQQ,student_t,0.639185,0.639185,5.005011,215.012892
3,> 16d,SPY-HYG,student_t,0.404172,0.404172,4.597638,269.157621
3,> 16d,SPY-TLT,student_t,0.051416,0.051416,3.951993,238.386945
3,> 16d,SPY-GLD,student_t,0.011944,0.011944,9.641467,36.475643
3,> 16d,TLT-HYG,student_t,0.084482,0.084482,3.633140,256.635421
3,> 16d,TLT-GLD,student_t,0.065214,0.065214,6.358491,108.140225
4,> 32d,SPY-QQQ,student_t,0.640269,0.640269,4.887081,270.864473
4,> 32d,SPY-HYG,student_t,0.439216,0.439216,4.287657,294.794941
4,> 32d,SPY-TLT,student_t,0.043476,0.043476,4.541462,176.737310
4,> 32d,SPY-GLD,student_t,0.029791,0.029791,6.665365,93.667527
4,> 32d,TLT-HYG,student_t,0.111277,0.111277,3.105722,329.255484
4,> 32d,TLT-GLD,gumbel,0.000000,0.217885,6.688942,100.895196
5,> 64d,SPY-QQQ,student_t,0.468840,0.468840,12.106147,29.814467
5,> 64d,SPY-HYG,student_t,0.534642,0.534642,2.147496,571.552838
5,> 64d,SPY-TLT,student_t,0.046908,0.046908,4.491078,198.320108
5,> 64d,SPY-GLD,frank,0.000000,0.000000,39.999995,0.262241
5,> 64d,TLT-HYG,student_t,0.146229,0.146229,3.005036,404.957779
5,> 64d,TLT-GLD,student_t,0.016286,0.016286,11.045330,23.129830
